{
    "version":1.1,
    "firmware_uri":"https://dl.sayobot.cn/devices/update/firmware_0x0809_0x0002.bin",
    "data":[
        {
            "type":"cmd",
            "code":4,
            "data_len":4,
            "format_data":
            [
                {
                    "type":"const",
                    "len":4,
                    "data":[
                        0,0,128,0
                    ]
                }
            ]
        },
        {
            "type":"data",
            "code":2,
            "data_len":21,
            "format_data":
            [
                {
                    "type":"addr",
                    "len":4,
                    "word":"big",
                    "offset":0
                },
                {
                    "type":"const",
                    "len":1,
                    "data":[
                        1
                    ]
                },
                {
                    "type":"firmware_data",
                    "len":16
                }
            ]
        },
        {
            "type":"cmd",
            "code":6,
            "data_len":4,
            "format_data":
            [
                {
                    "type":"firmware_len",
                    "len":4,
                    "word":"big",
                    "offset":-16
                }
            ]
        },
        {
            "type":"cmd",
            "code":255,
            "data_len":0
        }
    ]
}