{
    "version":"1.0",
    "title":"鼠标键",
    "multiple_choice":true,
    "input_type":"choice",
    "defVal":0,
    "data": [
        {
            "code": 1,
            "name": "左键"
        },
        {
            "code": 2,
            "name": "右键"
        },
        {
            "code": 4,
            "name": "中键"
        },
        {
            "code": 8,
            "name": "button 4"
        },
        {
            "code": 16,
            "name": "button 5"
        },
        {
            "code": 32,
            "name": "button 6"
        },
        {
            "code": 64,
            "name": "button 7"
        }
    ]
}